input_text,output,flag,username,timestamp
"토마토 계란 국
","토마토 계란 국
 레시피는토마토 계란 국은 간단하면서도 맛있는 요리로, 아침 식사로도 좋고, 가볍게 한 끼로도 훌륭합니다. 이제 재료와 만드는 방법을 소개해 드릴게요!

### 재료
- 신선한 토마토 2개
- 계란 2개
- 양파 1개 (선택 사항)
- 대파 1대
- 마늘 1쪽 (다진 것)
- 물 3컵
- 소금 약간
- 후추 약간
- 올리브오일 또는 식용유 1 tablespoon
- 간장 1 tablespoon (선택 사항)
- 고추 (매운 맛을 원하시면) 1개 (선택 사항)

### 만드는 과정

1. **재료 준비하기**
   - 신선한 토마토는 잘 씻고, 군데군데 칼집을 내거나 꼭지를 제거한 후, 작은 조각으로 잘라줍니다.
   - 양파는 얇게 채 썰고, 대파는 송송 썰어줍니다.
   - 마늘은 다져줍니다. 고추를 사용할 경우 작게 다져줍니다.

2. **볶기**
   - 팬에 올리브오일이나 식용유를 두르고, 중간 불로 가열합니다.
   - 다진 마늘과 양파를 넣고, 양파가 투명해질 때까지 볶아줍니다.
   - 여기서 고추를 추가하면 매운 맛을 더할 수 있습니다.

3. **토마토 넣기**
   - 썰어둔 토마토를 팬에 넣고, 약간의 소금을 뿌려줍니다.
   - 토마토가 부드러워질 때까지 볶아줍니다 (약 5분 정도).

4. **국물 만들기**
   - 볶은 토마토에 물 3컵을 붓고, 끓어오를 때까지 중불에서 가열합니다.
   - 끓기 시작하면 불을 약하게 줄이고, 5-10분 정도 더 끓입니다.
   - 원하신다면 간장 1 tablespoon을 추가하여 간을 맞춰주세요.

5. **계란 풀기**
   - 계란을 그릇에 쳐서 잘 풀어줍니다.
   - 국물이 끓고 있을 때, 풀어놓은 계란을 천천히 부어주며 젓가락으로 저어주면 계란이 국물에 잘 섞이며 부풀어 오릅니다.

6. **마무리**
   - 대파를 넣고, 한 번 더 끓인 뒤, 소금과 후추로 마지막 간을 맞춥니다.
   - 모든 재료가 잘 섞이고 계란이 익으면 불을 끄고 그릇에 담아냅니다.

### 서빙 방법
- 뜨거운 상태의 토마토 계란 국을 따뜻한 밥과 함께 곁들여 드시면 더욱 맛있습니다. 원하신다면 고수나 파슬리를 뿌려 장식해도 좋습니다.

맛있는 토마토 계란 국을 즐기세요!",,,2024-07-29 12:16:10.600735
